"Repo","URL","Stars","Forks","Ahead","Behind","Last Push"
"kemu-studio/mathsteps","https://github.com/kemu-studio/mathsteps","6","2","527","1","2022-04-27"
"taskbase/mathsteps","https://github.com/taskbase/mathsteps","4","1","19","1","2021-03-29"
"nitin42/mathsteps","https://github.com/nitin42/mathsteps","2","1","6","63","2017-06-30"
"GabrielMahan/mathsteps","https://github.com/GabrielMahan/mathsteps","1","2","51","1","2021-07-16"
"mrAlbert-development/mathsteps","https://github.com/mrAlbert-development/mathsteps","1","0","8","0","2021-01-29"
"2dmaster/mathsteps","https://github.com/2dmaster/mathsteps","0","0","4","57","2017-04-07"
"starside/mathsteps","https://github.com/starside/mathsteps","0","0","3","14","2017-07-31"
"alainakafkes/mathsteps","https://github.com/alainakafkes/mathsteps","0","0","10","30","2017-08-09"
"GusMorning/mathstepsTraducido","https://github.com/GusMorning/mathstepsTraducido","0","0","2","0","2022-11-01"
"mcarthurgill/mathsteps","https://github.com/mcarthurgill/mathsteps","0","0","3","106","2017-01-23"
"eltonlaw/mathsteps","https://github.com/eltonlaw/mathsteps","0","0","11","47","2017-05-27"
"biyasbasak/mathsteps","https://github.com/biyasbasak/mathsteps","0","0","4","109","2017-01-21"
"Ansa211/mathsteps","https://github.com/Ansa211/mathsteps","0","0","2","0","2023-01-04"
"arnav-kr/mathsteps","https://github.com/arnav-kr/mathsteps","0","0","1","0","2022-03-23"
"noahlt/mathsteps","https://github.com/noahlt/mathsteps","0","0","3","3","2018-06-27"
"stevenruidigao/mathsteps","https://github.com/stevenruidigao/mathsteps","0","0","10","1","2022-10-05"
"lswang1618/mathsteps","https://github.com/lswang1618/mathsteps","0","0","1","1","2020-06-29"
"jacobrosen1997/mathsteps","https://github.com/jacobrosen1997/mathsteps","0","0","5","1","2021-07-13"
"fpiou/mathsteps","https://github.com/fpiou/mathsteps","0","1","14","0","2022-02-16"
"emars/mathsteps","https://github.com/emars/mathsteps","0","0","1","110","2017-01-21"
"rwm659/mathsteps","https://github.com/rwm659/mathsteps","0","0","1","2","2019-07-25"
"innoxai/mathsteps","https://github.com/innoxai/mathsteps","0","0","1","0","2023-01-01"
"wouterdhooghe/mathsteps","https://github.com/wouterdhooghe/mathsteps","0","0","13","3","2018-01-31"
"Hurna/Hurna-Maths","https://github.com/Hurna/Hurna-Maths","0","0","1","2","2021-04-25"
"mathalea/mathsteps","https://github.com/mathalea/mathsteps","0","1","11","0","2022-12-07"
"msmart/mathsteps","https://github.com/msmart/mathsteps","0","0","4","1","2021-01-25"
"ericluap/mathsteps","https://github.com/ericluap/mathsteps","0","0","7","14","2017-08-01"
"lexiross/mathsteps","https://github.com/lexiross/mathsteps","0","0","8","63","2017-03-10"
"William5553/mathsteps","https://github.com/William5553/mathsteps","0","0","23","1","2022-06-26"
"marpol2/mathsteps","https://github.com/marpol2/mathsteps","0","1","3","4","2018-09-27"
"shirleymiao/mathsteps","https://github.com/shirleymiao/mathsteps","0","0","4","78","2017-02-10"
"elu00/mathsteps-ts","https://github.com/elu00/mathsteps-ts","0","0","12","57","2017-04-26"
"shenzhuxi/mathsteps","https://github.com/shenzhuxi/mathsteps","0","0","5","2","2020-03-10"